id,value
삼성전자	,	313212380
SK하이닉스	,	49868162
현대차	,	35464513
삼성전자우	,	35422802
삼성물산	,	28168971
NAVER	,	28117165
한국전력	,	26224233
현대모비스	,	24822685
POSCO	,	24717468
KB금융	,	24166847
삼성생명	,	23700000
신한지주	,	23662559
SK텔레콤	,	21115003
LG화학	,	19907041
삼성바이오로직스	,	19651005
SK	,	19278721
아모레퍼시픽	,	17683693
KT&G	,	15788637
기아차	,	15464612
LG생활건강	,	15337069
삼성에스디에스	,	14624404
SK이노베이션	,	14563326
삼성화재	,	13454454
LG디스플레이	,	13435980
하나금융지주	,	13408939
LG	,	13407689
넷마블게임즈	,	13176566
LG전자	,	13042731
우리은행	,	12573600
삼성SDI	,	11552441
롯데케미칼	,	11328026
아모레G	,	10678334
S-Oil	,	10458941
현대중공업	,	9973115
롯데쇼핑	,	9447268
고려아연	,	8500935
KT	,	8473078
엔씨소프트	,	8300135
현대제철	,	8206916
기업은행	,	7979698
한국타이어	,	7903229
코웨이	,	7706266
삼성전기	,	7581410
강원랜드	,	7498615
미래에셋대우	,	7496060
LG유플러스	,	7051273
이마트	,	6592631
GS	,	6318246
한화생명	,	5958116
효성	,	5899732
현대글로비스	,	5850000
한국항공우주	,	5536586
한온시스템	,	5498140
한미사이언스	,	5480629
CJ	,	5470687
현대건설	,	5111230
BGF리테일	,	5004310
한국가스공사	,	4957208
한화케미칼	,	4952521
동부화재	,	4871040
삼성중공업	,	4855500
오리온	,	4794731
CJ제일제당	,	4760231
현대로보틱스	,	4581380
삼성카드	,	4559047
KCC	,	4549857
현대차2우B	,	4438436
KODEX 200	,	4378377
한샘	,	4330243
한미약품	,	4303511
NH투자증권	,	4207063
CJ대한통운	,	4083410
GS리테일	,	3942400
한국금융지주	,	3911965
LG이노텍	,	3822238
삼성증권	,	3679160
에스원	,	3670721
대한항공	,	3670487
두산밥캣	,	3578895
BNK금융지주	,	3568991
현대해상	,	3567060
현대산업	,	3539287
한화	,	3526808
메리츠종금증권	,	3076657
대림산업	,	3055440
동서	,	3030880
대우건설	,	3029889
대우조선해양	,	2937848
맥쿼리인프라	,	2867123
현대차우	,	2837428
팬오션	,	2832758
유한양행	,	2811481
롯데제과	,	2800158
포스코대우	,	2763603
아이엔지생명	,	2738800
오뚜기	,	2686640
현대백화점	,	2609372
한화테크윈	,	2390670
만도	,	2371335
두산	,	2354196
삼성엔지니어링	,	2352000
신세계	,	2308695
LS	,	2302300
금호석유	,	2278983
두산중공업	,	2251578
메리츠화재	,	2190209
호텔신라	,	2182196
OCI	,	2177448
KB손해보험	,	2167900
현대미포조선	,	2160000
GS건설	,	2154052
롯데칠성	,	2125515
제일기획	,	2116759
영풍	,	2085189
영진약품	,	2084977
녹십자	,	2068517
메리츠금융지주	,	2057556
키움증권	,	2050856
한국타이어월드와이드	,	2046444
농심	,	2037685
한전KPS	,	1993500
DGB금융지주	,	1979006
TIGER 200	,	1974431
아모레퍼시픽우	,	1921525
현대위아	,	1914534
SK케미칼	,	1793580
현대로템	,	1780750
코오롱인더	,	1753115
두산인프라코어	,	1732252
현대그린푸드	,	1729369
현대상선	,	1670629
LS산전	,	1668000
LIG넥스원	,	1665400
롯데하이마트	,	1659622
하이트진로	,	1644633
동양생명	,	1600677
NHN엔터테인먼트	,	1598463
대한유화	,	1595750
한진칼	,	1582810
CJ CGV	,	1570169
현대홈쇼핑	,	1560000
SPC삼립	,	1548907
SK네트웍스	,	1548691
한국콜마	,	1533981
영원무역	,	1517668
현대엘리베이	,	1514900
LG화학우	,	1503160
녹십자홀딩스	,	1495497
KODEX 인버스	,	1480273
쌍용양회	,	1466231
코리안리	,	1462485
쿠쿠전자	,	1401880
동국제강	,	1398090
GKL	,	1385567
아이에스동서	,	1355318
동원시스템즈	,	1336415
넥센타이어	,	1291973
LG생활건강우	,	1274516
아시아나항공	,	1266302
SKC	,	1255531
이노션	,	1252000
KODEX 단기채권	,	1250842
일진머티리얼즈	,	1234800
태광산업	,	1199132
현대건설기계	,	1195279
풍산	,	1195235
금호타이어	,	1173889
대한전선	,	1169086
LG상사	,	1168614
SK가스	,	1165761
현대일렉트릭	,	1146423
종근당	,	1143200
코스맥스	,	1130570
동원산업	,	1081269
휴켐스	,	1073063
삼양사	,	1059850
세아베스틸	,	1059726
하나투어	,	1059396
한세실업	,	1048000
휠라코리아	,	1032845
제주항공	,	1027914
롯데정밀화학	,	1026840
삼양홀딩스	,	1023430
제일약품	,	1018710
KBSTAR 200	,	1009920
동부하이텍	,	998276
JB금융지주	,	987040
LG하우시스	,	981960
코오롱	,	981780
대웅제약	,	979066
다우기술	,	975849
AK홀딩스	,	972371
KODEX 레버리지	,	965240
잇츠한불	,	964890
후성	,	960957
KODEX 삼성그룹	,	955988
쌍용차	,	950471
부광약품	,	944767
동원F&B	,	930049
대상	,	909511
JW중외제약	,	902328
지역난방공사	,	901984
도레이케미칼	,	887868
더존비즈온	,	887214
한일시멘트	,	879029
KODEX 단기채권PLUS	,	877649
LF	,	866966
롯데푸드	,	864114
대한해운	,	862256
한국자산신탁	,	855525
동아쏘시오홀딩스	,	850129
유안타증권	,	828246
한국토지신탁	,	825640
영원무역홀딩스	,	816772
락앤락	,	814000
케이씨텍	,	801441
한섬	,	795549
한솔케미칼	,	795182
대신증권	,	784449
동아에스티	,	780213
스카이라이프	,	777107
일양약품	,	776124
한화손해보험	,	762207
미래에셋생명	,	760743
TIGER 단기통안채	,	758737
한국단자	,	744673
대웅	,	738403
S&T모티브	,	735544
에스엘	,	726406
한전기술	,	722358
KINDEX 200	,	709198
CJ헬로비전	,	700894
대교	,	698799
무학	,	693975
고려제강	,	689400
LG전자우	,	689158
한라홀딩스	,	687051
한올바이오파마	,	679128
광주은행	,	669675
빙그레	,	666929
NICE	,	664834
KOSEF 200	,	660344
태영건설	,	660096
동아타이어	,	646561
KB캐피탈	,	644764
한화투자증권	,	642348
삼성화재우	,	622440
ARIRANG 200	,	612772
세아홀딩스	,	610000
JW홀딩스	,	604083
KODEX 종합채권(AA-이상)액티브	,	593838
신세계푸드	,	592489
용평리조트	,	589633
신도리코	,	577586
농심홀딩스	,	575086
엔에스쇼핑	,	571147
세아제강	,	570600
세방전지	,	558600
SK디앤디	,	549270
해태제과식품	,	548852
남양유업	,	548640
한국콜마홀딩스	,	546015
한미반도체	,	542991
동양	,	537039
화승인더	,	534391
남해화학	,	534048
덴티움	,	533518
경동나비엔	,	533148
송원산업	,	528000
대덕전자	,	527000
한국쉘석유	,	521950
신영증권	,	516243
풀무원	,	516132
SK증권	,	515389
파워 200	,	504030
애경유화	,	503028
삼천리	,	490658
SBS	,	490082
현대에이치씨엔	,	485369
신세계인터내셔날	,	484092
한진중공업	,	483069
팜스코	,	479300
화승엔터프라이즈	,	475305
아이마켓코리아	,	472655
씨에스윈드	,	471900
KODEX 200선물인버스2X	,	468188
광동제약	,	460255
넥센	,	459448
삼진제약	,	458700
STX엔진	,	457877
한솔제지	,	456971
E1	,	450016
한화3우B	,	449440
KBSTAR 단기통안채	,	447854
보령제약	,	447304
에이블씨엔씨	,	444228
F&F	,	436590
한진	,	435279
아주캐피탈	,	434471
유니드	,	430268
부산가스	,	429000
경방	,	427678
풍산홀딩스	,	427017
STX	,	426019
한세예스24홀딩스	,	424000
서울가스	,	421000
일동제약	,	417122
교보증권	,	414000
현대리바트	,	412553
SBS미디어홀딩스	,	410595
한국철강	,	409845
서흥	,	409547
광주신세계	,	403200
금호산업	,	401515
롯데손해보험	,	401497
서연이화	,	401372
사조산업	,	400500
아모레G우	,	400158
코리아써키트	,	398010
대상홀딩스	,	396527
제이준코스메틱	,	394427
유진투자증권	,	393278
코리아오토글라스	,	393000
자화전자	,	390220
신성이엔지	,	387506
HMC투자증권	,	387250
대덕GDS	,	385793
종근당홀딩스	,	384256
일성신약	,	383040
TIGER 경기방어	,	382009
한솔테크닉스	,	380290
삼양식품	,	375144
롯데관광개발	,	373147
이연제약	,	372810
삼익THK	,	372750
우리종금	,	372250
퍼시스	,	370875
토니모리	,	361620
조선내화	,	361600
맵스리얼티1	,	360197
대원제약	,	358603
모토닉	,	354750
신영증권우	,	351630
AJ네트웍스	,	347890
흥국화재	,	347553
율촌화학	,	343480
환인제약	,	339451
신풍제약	,	333805
알보젠코리아	,	331429
알루코	,	327906
유나이티드제약	,	327388
진흥기업	,	326888
두산우	,	326861
한독	,	326187
동부제철	,	325002
미원에스씨	,	324730
에이프로젠제약	,	320298
S&T중공업	,	319214
삼영무역	,	317806
대한제강	,	315478
대한제분	,	315185
한국유리	,	314485
경보제약	,	313180
동성코퍼레이션	,	312661
선진	,	310940
동부건설	,	310349
삼호	,	306631
해성디에스	,	306000
KPX케미칼	,	305888
S-Oil우	,	304862
현대시멘트	,	303330
한솔홀딩스	,	303194
삼광글라스	,	302916
국도화학	,	300409
세방	,	298319
무림P&P	,	297497
코라오홀딩스	,	295834
두산엔진	,	293985
코오롱플라스틱	,	292600
IHQ	,	292137
대원강업	,	292020
한국카본	,	288822
웅진씽크빅	,	287009
일신방직	,	285600
한국화장품	,	283600
아세아시멘트	,	282451
S&T홀딩스	,	280984
코스맥스비티아이	,	280915
KPX홀딩스	,	280516
아이콘트롤스	,	277351
티웨이홀딩스	,	276375
삼영전자	,	276000
AJ렌터카	,	275721
벽산	,	273554
일진홀딩스	,	271905
현대상사	,	269871
하이트진로홀딩스	,	269198
KISCO홀딩스	,	268647
휴비스	,	268065
JW생명과학	,	264437
현대차3우B	,	263939
GS글로벌	,	262457
조광피혁	,	260646
강남제비스코	,	257725
부국증권	,	257692
아세아	,	254159
현대EP	,	252010
대신증권우	,	251420
서연	,	251234
파미셀	,	251155
KBSTAR 단기국공채액티브	,	250088
KBSTAR 중장기국공채액티브	,	249888
KODEX 코스닥 150	,	247507
제이에스코퍼레이션	,	246382
STX중공업	,	244680
TIGER 중국소비테마	,	242573
이수화학	,	241392
크라운해태홀딩스	,	241197
한국주철관	,	239405
LS네트웍스	,	238773
대한제당	,	237354
신라교역	,	236000
NPC	,	235742
신한 레버리지 WTI원유 선물 ETN(H)	,	235625
동화약품	,	234904
크라운제과	,	232317
포스코강판	,	232200
SG세계물산	,	230764
예스코	,	230100
BYC	,	229234
CJ제일제당 우	,	228318
일진디스플	,	227365
유수홀딩스	,	226564
한국금융지주우	,	225836
KTB투자증권	,	225273
카프로	,	224800
디아이씨	,	223850
코오롱글로벌	,	223696
아남전자	,	221348
백산	,	220462
화승알앤에이	,	219831
TBH글로벌	,	218997
대림씨엔에스	,	218989
KSS해운	,	218875
화신	,	218602
두산건설	,	218168
TIGER 차이나CSI300레버리지(합성)	,	218123
성창기업지주	,	216579
한신공영	,	215526
오리엔트바이오	,	213978
세이브존I&C	,	211771
삼화페인트	,	210671
모나리자	,	210285
한화갤러리아타임월드	,	208805
유니퀘스트	,	208284
흥아해운	,	206896
삼화콘덴서	,	206341
디와이	,	205030
유양디앤유	,	204763
현대비앤지스틸	,	203564
TIGER 200 IT	,	203456
CJ우	,	201838
쌍방울	,	201434
효성ITX	,	201113
핸즈코퍼레이션	,	200923
깨끗한나라	,	200706
삼익악기	,	199621
태평양물산	,	199312
LS전선아시아	,	197530
SG충방	,	197257
태림포장	,	195424
미원상사	,	195058
노루홀딩스	,	194680
TIGER 원유선물Enhanced(H)	,	194625
세아특수강	,	194111
DRB동일	,	193800
TIGER 헬스케어	,	191848
이수페타시스	,	190866
화성산업	,	190497
한국패러랠	,	189647
SH에너지화학	,	188372
세원정공	,	188000
금강공업	,	187926
진양홀딩스	,	187808
세원셀론텍	,	187233
디와이파워	,	186605
비상교육	,	186503
대동공업	,	183656
동부증권	,	183581
아세아제지	,	183160
세종공업	,	182295
디피씨	,	181092
유화증권	,	180314
조흥	,	180300
제주은행	,	180128
일동홀딩스	,	179909
NH투자증권우	,	179463
경인양행	,	179360
TIGER 200선물인버스2X	,	178338
동일산업	,	178011
퍼스텍	,	176771
웅진에너지	,	176717
대성에너지	,	176550
한라	,	175723
미래산업	,	175368
이월드	,	175137
계양전기	,	175062
성신양회	,	173581
사조대림	,	173155
샘표식품	,	173138
미원홀딩스	,	172165
도화엔지니어링	,	171298
ARIRANG 단기우량채권	,	171224
일진전기	,	170570
호전실업	,	170400
지투알	,	168988
웅진	,	168611
엠케이트렌드	,	168467
노루페인트	,	167400
KG케미칼	,	164972
계룡건설	,	162989
진원생명과학	,	162474
디씨엠	,	162045
한진중공업홀딩스	,	161233
KR모터스	,	160707
세진중공업	,	160014
명문제약	,	158904
경동도시가스	,	158535
LG우	,	158276
삼성전기우	,	157559
삼양통상	,	156000
태경산업	,	155205
ARIRANG 단기유동성	,	155175
인스코비	,	154390
휴니드	,	153159
신성통상	,	153049
신영와코루	,	153000
KODEX 코스닥150 레버리지	,	152540
삼성물산우B	,	152491
삼원강재	,	151600
상신브레이크	,	151374
대성홀딩스	,	151241
미창석유	,	151177
사조오양	,	150764
새론오토모티브	,	149952
한전산업	,	149634
동아지질	,	149500
KC그린홀딩스	,	149417
미원화학	,	149112
남선알미늄	,	148742
삼성제약	,	148529
한국제지	,	148397
대한화섬	,	148072
ARIRANG 고배당주	,	146949
고려개발	,	145463
TIGER 차이나CSI300	,	143264
천일고속	,	142779
키위미디어그룹	,	142214
신원	,	141167
대구백화점	,	140140
신일산업	,	139964
동일방직	,	139680
대림B&Co	,	139547
우진플라임	,	139500
대현	,	139243
현대코퍼레이션홀딩스	,	139243
SK이노베이션우	,	139199
KBSTAR 200선물인버스2X	,	138783
파워 단기채	,	138665
성보화학	,	138538
대림산업우	,	138320
신세계 I&C	,	138116
동부	,	137870
SIMPAC	,	137572
광전자	,	137327
코스모화학	,	137283
동양물산	,	136336
한국공항	,	136312
참엔지니어링	,	136256
인천도시가스	,	135180
디아이	,	135121
기신정기	,	134612
백광산업	,	133183
KINDEX 중국본토CSI300	,	132928
신세계건설	,	132800
대유에이텍	,	132297
윌비스	,	132240
영흥철강	,	132173
한신기계	,	131731
한솔홈데코	,	131321
삼성SDI우	,	131211
에넥스	,	130782
선창산업	,	130493
ARIRANG 우량회사채50 1년	,	130406
조광페인트	,	129920
한국ANKOR유전	,	129887
우신시스템	,	129847
동일고무벨트	,	128928
경농	,	128849
현대약품	,	128660
NI스틸	,	128631
극동유화	,	126925
한국화장품제조	,	126896
화천기공	,	125620
KODEX 코스피	,	124774
사조씨푸드	,	124490
동양철관	,	124313
한미글로벌	,	124296
황금에스티	,	123620
케이티스	,	123025
TIGER 200선물레버리지	,	122500
삼호개발	,	121625
종근당바이오	,	121324
S&TC	,	121147
광명전기	,	121129
CJ씨푸드	,	121087
KODEX 증권	,	120725
KINDEX 중장기국공채액티브	,	119898
대창단조	,	119400
삼정펄프	,	117999
YG PLUS	,	117796
KODEX 선진국MSCI World	,	117500
동양네트웍스	,	116807
신대양제지	,	116657
동아에스텍	,	116578
텔코웨어	,	116432
무림페이퍼	,	116090
코스모신소재	,	114593
동원금속	,	113618
KOSEF 단기자금	,	113478
대원화성	,	111991
일신석재	,	111925
조일알미늄	,	111708
대성합동지주	,	111363
삼성 레버리지 인도 Nifty50 선물 ETN(H)	,	111275
유성기업	,	110796
쌍용머티리얼	,	109830
보해양조	,	109608
삼성공조	,	109299
휴스틸	,	108968
금양	,	108911
KODEX 200가치저변동	,	108840
삼화왕관	,	108796
사조동아원	,	108199
성지건설	,	107717
샘표	,	107411
KTcs	,	107353
가온전선	,	107337
삼성 인도 Nifty50 선물 ETN(H)	,	106650
DSR	,	106560
한양증권	,	106283
삼성출판사	,	106000
경동인베스트	,	105544
TIGER 코스닥150	,	104944
대성산업	,	104783
신흥	,	104640
두올	,	104402
대창	,	104356
페이퍼코리아	,	103882
KOSEF 통안채1년	,	103392
대영포장	,	103281
미래에셋대우우	,	102753
지엠비코리아	,	102609
이엔쓰리	,	102429
동양고속	,	102216
롯데칠성우	,	101880
필룩스	,	101318
조선선재	,	101115
골든브릿지증권	,	100386
우진	,	100167
TIGER 인버스	,	100048
TIGER 단기채권액티브	,	100020
KODEX 단기변동금리부채권액티브	,	100015
우성사료	,	99653
대교우B	,	99078
동성화학	,	98673
중국원양자원	,	97859
동방아그로	,	97502
대유플러스	,	97373
우리들제약	,	97080
동성제약	,	96340
KINDEX 단기통안채	,	95900
이건산업	,	95610
마니커	,	95365
SJM	,	95346
SK우	,	95111
방림	,	94995
인터지스	,	94598
CS홀딩스	,	94437
한국종합기술	,	94280
KCTC	,	94200
대원전선	,	93988
삼성 인버스 인도 Nifty50 선물 ETN(H)	,	93800
영보화학	,	93500
일진다이아	,	93156
인디에프	,	92819
태양금속	,	91567
KEC	,	91417
수산중공업	,	91235
동원	,	91014
KOSEF 미국달러선물 레버리지(합성)	,	90780
SK케미칼우	,	90430
파워 코스피100	,	90428
DSR제강	,	90144
대신증권2우B	,	89900
KBSTAR 국고채3년	,	89845
형지엘리트	,	89843
금호석유우	,	89798
코오롱인더우	,	89540
사조해표	,	88426
KPX그린케미칼	,	88100
금비	,	87900
대림통상	,	86021
동남합성	,	85772
코오롱머티리얼	,	84825
삼부토건	,	83868
영화금속	,	81585
만호제강	,	81340
고려산업	,	81303
인지컨트롤스	,	80955
써니전자	,	80637
한농화성	,	80531
한국프랜지	,	80389
유니켐	,	80294
한익스프레스	,	78720
서원	,	78570
SJM홀딩스	,	78404
이구산업	,	78254
갤럭시아에스엠	,	77690
백광소재	,	77646
덕성	,	77616
대우부품	,	76949
GS우	,	76748
대한방직	,	75790
금호전기	,	75385
진도	,	74935
국제약품	,	74283
KC코트렐	,	73970
남성	,	73873
유유제약	,	73629
모나미	,	73227
KOSEF 국고채3년	,	72953
화인베스틸	,	72867
동국실업	,	72795
두산2우B	,	72744
남광토건	,	72298
한국내화	,	71906
WISCOM	,	71148
한국석유	,	70762
한창제지	,	69811
대경기계	,	69688
엔케이	,	69311
수출포장	,	69200
신송홀딩스	,	68962
TIGER 차이나HSCEI	,	68656
유엔젤	,	68220
세화아이엠씨	,	68088
보락	,	67687
문배철강	,	67662
삼성 유럽 고배당 주식 ETN(H)	,	67400
KODEX 배당성장	,	66998
TIGER 미국S&P500선물(H)	,	66643
금호에이치티	,	66597
KODEX China H	,	65975
부국증권우	,	65850
베트남개발1	,	65353
LG하우시스우	,	65346
인팩	,	65100
KB 코스피200선물플러스 ETN	,	65100
TRUE 코스피 커버드콜 ETN	,	64875
KOSEF 미국달러선물	,	64068
유니온	,	63930
선도전기	,	63810
KB KQ 우량주30 ETN	,	63675
일성건설	,	63550
영풍제지	,	63492
TIGER 배당성장	,	63469
KODEX 골드선물(H)	,	63416
혜인	,	62420
제일연마	,	62200
KB Quant비중조절 ETN	,	62188
부국철강	,	61500
평화산업	,	61342
삼성 KTOP30 ETN	,	61300
태경화학	,	61248
QV Big Vol ETN	,	61175
동방	,	60820
남영비비안	,	60781
에이엔피	,	60613
조비	,	60388
TIGER 농산물선물Enhanced(H)	,	60261
국동	,	60238
MH에탄올	,	60135
아티스	,	59445
서울식품	,	59249
신한 K200 USD 선물 바이셀 ETN	,	58450
한일철강	,	58140
KB KTOP30 ETN	,	57875
한창	,	57546
케이탑리츠	,	57529
범양건영	,	57273
주연테크	,	57100
평화홀딩스	,	56016
원림	,	55770
동일제강	,	55275
QV WISE 배당 ETN	,	55150
미래에셋 미국 바이백 ETN(H)	,	55100
미래아이앤지	,	54049
암니스	,	53953
우리들휴브레인	,	53836
TIGER 차이나CSI300인버스(합성)	,	53780
TCC동양	,	53622
이화산업	,	53620
유화증권우	,	53303
ARIRANG 코스피	,	52310
다우인큐브	,	52247
KBSTAR 중기우량회사채	,	52150
녹십자홀딩스1우	,	52069
화천기계	,	51920
삼영화학	,	51850
대양금속	,	51612
삼화전기	,	51125
세우글로벌	,	50817
신한	,	50494
이아이디	,	50180
콤텍시스템	,	50166
KODEX 은행	,	50023
대동전자	,	49095
하이스틸	,	48899
팀스	,	48400
덕양산업	,	48196
진양산업	,	47645
남양유업우	,	47499
삼일제약	,	47080
까뮤이앤씨	,	46958
코아스	,	46824
KB Monthly Best 11 ETN	,	46525
부산산업	,	45989
이스타코	,	45851
대호에이엘	,	45451
부산주공	,	45370
세하	,	45353
TIGER 미국MSCI리츠(합성 H)	,	45255
마이다스 200커버드콜	,	45203
KODEX 삼성그룹밸류	,	44578
신한 WTI원유 선물 ETN(H)	,	44205
TIGER 유로스탁스50(합성 H)	,	44137
엔케이물산	,	44025
KODEX 중국본토 A50	,	43950
아비스타	,	43625
삼아알미늄	,	43340
TRUE 코스피 커버드풋 ETN	,	43300
바다로19호	,	43244
TIGER 단기선진하이일드(합성 H)	,	43037
메디플란트	,	43004
성안	,	42814
전방	,	42336
한솔로지스틱스	,	42265
지코	,	42034
한솔PNS	,	41806
한성기업	,	41797
유한양행우	,	41097
에쓰씨엔지니어링	,	40962
나라케이아이씨	,	40625
한국특수형강	,	40547
TIGER 로우볼	,	40234
넥센타이어1우B	,	39325
한국전자홀딩스	,	38940
성문전자	,	38820
신한 USD K200 선물 바이셀 ETN	,	38800
BYC우	,	38339
ARIRANG 코스피50	,	38220
티에이치엔	,	38160
동원수산	,	37998
유안타증권우	,	37381
TIGER 레버리지	,	37325
KODEX 200 중소형	,	36941
진양화학	,	36840
KBSTAR 중국본토대형주CSI100	,	36504
코오롱우	,	36382
TIGER 국채3년	,	36076
삼화전자	,	35613
모두투어리츠	,	35377
미래에셋 전기전자 Core5 ETN	,	35300
TREX 200	,	34903
QV 하드웨어 TOP5 ETN	,	34670
일정실업	,	34620
신풍제지	,	34574
KINDEX 삼성그룹섹터가중	,	34344
한국주강	,	34324
경인전자	,	33772
청호컴넷	,	33422
호텔신라우	,	33007
세기상사	,	32567
태원물산	,	32414
트러스제7호	,	32254
와이비로드	,	32254
KODEX China H 레버리지(H)	,	31983
KGP	,	31657
TIGER 코스닥150 레버리지	,	31407
씨아이테크	,	31306
신한 레버리지 다우존스지수 선물 ETN(H)	,	31020
삼성 레버리지 China A50 선물 ETN(H)	,	30935
KB KQ Monthly Best 11 ETN	,	30625
체시스	,	30240
하이골드12호	,	30133
TIGER 경기방어채권혼합	,	30060
KODEX 국고채3년	,	29967
TIGER 일본TOPIX(합성 H)	,	29865
세방우	,	29846
파워 고배당저변동성	,	29635
흥국 S&P코리아로우볼	,	29246
QV 2차전지 테마 ETN	,	29040
신화실업	,	28853
하이골드3호	,	28827
KBSTAR V&S셀렉트밸류	,	28738
하나니켈1호	,	28104
신한 인버스 WTI원유 선물 ETN(H)	,	27960
삼성 화학 테마주 ETN	,	27910
TRUE 위안화 중국5년국채 ETN	,	27840
KB 우량주 Monthly Best 11 ETN	,	27780
미래에셋 레버리지 S&P500 ETN(H)	,	27530
KINDEX 중국본토CSI300레버리지(합성)	,	27160
하이트론	,	27045
신한 인버스 브렌트원유 선물 ETN(H)	,	27010
마이티 코스피고배당	,	26438
QV 대체에너지 테마 ETN	,	26180
QV OLED 테마 ETN	,	25840
미래에셋 에너지화학 Core5 ETN	,	25650
TRUE 목표변동성20 코스피선물 ETN	,	25550
TIGER 베타플러스	,	25461
KODEX 미국달러선물레버리지	,	25422
SK증권우	,	25314
미래에셋 원자재 선물 ETN(H)	,	25275
미래에셋 일본 대형주 ETN(H)	,	25230
미래에셋 일본 중형주 ETN(H)	,	25170
미래에셋 미국 항공우주 ETN(H)	,	25120
신한 구리 선물 ETN(H)	,	25090
QV 소프트웨어 TOP5 ETN	,	24820
신한 다우존스지수 선물 ETN(H)	,	24660
QV 자동차 TOP5 ETN	,	24650
KINDEX 골드선물 레버리지(합성 H)	,	24507
미래에셋 로우볼 ETN	,	24380
미래에셋 미디어엔터 Core5 ETN	,	24330
QV KTOP30 ETN	,	24280
삼성 China A50 선물 ETN(H)	,	24220
미래에셋 미국 대형주 ETN(H)	,	24150
미래에셋 미국 중형주 ETN(H)	,	23990
미래에셋 유럽 대형주 ETN(H)	,	23840
TRUE 다우존스 지속가능경영 코리아 ETN	,	23580
TRUE 빅5 동일가중 ETN	,	23500
KBSTAR 채권혼합	,	23493
KOSEF 200선물레버리지	,	23408
신한 인버스 천연가스 선물 ETN(H)	,	23360
미래에셋 유럽 중형주 ETN(H)	,	23230
삼성 미국 중소형 가치주 ETN(H)	,	23220
삼성 미국 대형 가치주 ETN(H)	,	23180
QV 에너지 TOP5 ETN	,	23100
삼성 미국 중소형 성장주 ETN(H)	,	23030
삼성 미국 중소형 가치주 ETN	,	23020
삼성 미국 대형 가치주 ETN	,	22970
QV 화학 TOP5 ETN	,	22920
QV 전기차 테마 ETN	,	22900
미래에셋 Q150 Core5 ETN	,	22810
삼성 미국 대형 성장주 ETN(H)	,	22800
삼성 미국 중소형 성장주 ETN	,	22730
신한 인버스 옥수수 선물 ETN(H)	,	22530
삼성 미국 대형 성장주 ETN	,	22490
KODEX KTOP30	,	22470
KODEX 은선물(H)	,	22400
녹십자홀딩스2우	,	22334
TRUE 코리아프리미어 ETN	,	22310
미래에셋 일본 바이백 ETN(H)	,	22300
TIGER 200IT레버리지	,	22060
QV 롱숏 K150 매수 로우볼 매도 ETN	,	22060
KODEX 200동일가중	,	22020
신한 인버스 콩 선물 ETN(H)	,	21880
진양폴리	,	21850
KODEX 배당성장채권혼합	,	21690
미래에셋 중국 심천 100 ETN	,	21620
KOSEF 미국달러선물 인버스2X(합성)	,	21539
미래에셋 호주 ASX200 ETN(H)	,	21520
미래에셋 미국 헬스케어 ETN(H)	,	21450
삼양사우	,	21427
하이트진로2우B	,	21360
TRUE 섹터탑픽 ETN	,	21280
TRUE 인버스 엔선물 ETN	,	21250
KBSTAR 5대그룹주	,	21223
미래에셋 미국 고배당주 ETN(H)	,	21180
미래에셋 차이나 대표주 15 ETN(H)	,	21120
삼성 증권 테마주 ETN	,	21120
TIGER 반도체	,	20868
신한 금 선물 ETN(H)	,	20730
TRUE 인버스 유로선물 ETN	,	20560
TRUE 인버스 차이나H ETN(H)	,	20510
신한 은 선물 ETN(H)	,	20400
QV 수자원 테마 ETN	,	20290
에이리츠	,	20103
TRUE 코스피 양매도 ETN	,	20070
미래에셋 글로벌 리츠 ETN(H)	,	20060
ARIRANG 바벨 채권	,	20002
QV HMR 테마 ETN	,	19950
신한 달러인덱스 선물 ETN(H)	,	19930
삼성 바이오 테마주 ETN	,	19800
미래에셋 미국 리츠 ETN(H)	,	19790
KODEX 밸류Plus	,	19719
QV 방위산업 테마 ETN	,	19710
한화케미칼우	,	19665
넥센우	,	19659
QV 건설 TOP5 ETN	,	19630
QV 운송 TOP5 ETN	,	19620
신한 인버스 달러인덱스 선물 ETN(H)	,	19510
QV 핀테크 테마 ETN	,	19470
미래에셋 인버스 원유선물혼합 ETN(H)	,	19350
하이골드8호	,	19303
QV 항공우주 테마 ETN	,	19260
신한 인버스 구리 선물 ETN(H)	,	19210
TRUE 유로선물 ETN	,	19170
KTOP 코스피50	,	19121
'QV 스마트리밸런싱 250/3 ETN	,	19090
코리아써우	,	18944
KOSEF 국고채10년	,	18828
KBSTAR 고배당	,	18794
대덕GDS우	,	18706
KBSTAR 200선물인버스	,	18676
QV 사물인터넷 테마 ETN	,	18620
대한항공우	,	18606
QV 고령화 테마 ETN	,	18480
신한 인버스 금 선물 ETN(H)	,	18420
TRUE 엔선물 ETN	,	18390
ARIRANG 미국S&P500(H)	,	18270
파워 중기국고채	,	18118
삼양홀딩스우	,	18091
QV 내수소비 TOP5 ETN	,	18090
미래에셋 원유선물혼합 ETN(H)	,	18040
대상우	,	18018
신한 콩 선물 ETN(H)	,	17960
삼성 온라인쇼핑 테마주 ETN	,	17950
KODEX 코스피100	,	17854
QV 바이오 TOP5 ETN	,	17810
KBSTAR 200선물레버리지	,	17778
KOSEF KRX100	,	17712
KINDEX 베트남VN30(합성)	,	17678
'QV 스마트리밸런싱 260/4 ETN	,	17620
KODEX WTI원유선물(H)	,	17578
신한 인버스 은 선물 ETN(H)	,	17380
삼성 미디어 테마주 ETN	,	17340
한화투자증권우	,	17328
TRUE 인버스 유로스탁스50 ETN(H)	,	17240
QV 조선 TOP5 ETN	,	16840
미래에셋 인버스 S&P500 ETN(H)	,	16650
KOSEF 블루칩	,	16550
QV 제약 TOP5 ETN	,	16550
TRUE 레버리지 엔선물 ETN	,	16550
KODEX 건설	,	16362
신한 옥수수 선물 ETN(H)	,	16350
NPC우	,	16289
KINDEX 밸류대형	,	16181
QV 농업 테마 ETN	,	16140
미래에셋 인버스 미디어엔터 Core5 ETN	,	16005
ARIRANG 고배당주채권혼합	,	15930
KODEX 미국S&P500선물(H)	,	15829
삼성 모멘텀 탑픽 ETN	,	15620
삼성 인버스 China A50 선물 ETN(H)	,	15610
ARIRANG 스마트베타 Value	,	15485
신한 인버스 다우존스지수 선물 ETN(H)	,	15470
TIGER KRX100	,	15287
신한 천연가스 선물 ETN(H)	,	15140
TIGER 미국나스닥100	,	14853
TIGER 200동일가중	,	14803
KBSTAR 미국장기국채선물인버스(H)	,	14693
미래에셋 인버스 에너지화학 Core5 ETN	,	14630
ARIRANG 고배당저변동50	,	14488
KODEX 일본TOPIX100	,	14400
미래에셋 레버리지 원유선물혼합 ETN(H)	,	14290
TIGER 코스닥150선물인버스	,	14273
태양금속우	,	14240
TIGER 미국달러선물인버스2X	,	14209
삼성 음식료 테마주 ETN	,	14160
한화우	,	14115
TIGER 인도니프티50레버리지(합성)	,	14025
TIGER 코스피고배당	,	13566
TIGER 미국달러선물레버리지	,	13560
TIGER 미국다우존스30	,	13448
TIGER 200 헬스케어	,	13266
KOSEF 200 선물	,	13225
KODEX 국채선물10년인버스	,	13055
TIGER 미국S&P500레버리지(합성 H)	,	13050
TIGER 유로스탁스배당30	,	12975
KOSEF 코스피100	,	12965
KODEX 에너지화학	,	12886
KODEX 반도체	,	12865
QV CHINEXT ETN(H)	,	12820
SMART 선진국MSCI World(합성 H)	,	12810
KOSEF 저PBR가중	,	12725
KINDEX 중기국고채	,	12677
크라운해태홀딩스우	,	12525
태영건설우	,	12506
KBSTAR 우량업종	,	12485
KODEX IT하드웨어	,	12410
KBSTAR 주식혼합	,	12268
KOSEF 배당바이백Plus	,	12240
TIGER 우선주	,	12236
KODEX 미국달러선물	,	12109
TIGER 일본니케이225	,	12015
국보	,	11917
TIGER 증권	,	11880
한국유리우	,	11824
TIGER 200 경기소비재	,	11760
삼성 화장품 테마주 ETN	,	11760
ARIRANG 200선물레버리지	,	11704
KOSEF 200선물인버스2X	,	11693
삼성 레저 테마주 ETN	,	11660
QV 의료 TOP5 ETN	,	11660
KOSEF 미국달러선물인버스	,	11607
TIGER 이머징마켓MSCI레버리지(합성 H)	,	11580
일양약품우	,	11572
KINDEX 필리핀MSCI(합성)	,	11540
KODEX 미국S&P에너지(합성)	,	11538
KODEX 독일MSCI(합성)	,	11478
KODEX IT소프트웨어	,	11475
TIGER 대만TAIEX선물(H)	,	11450
신한 브렌트원유 선물 ETN(H)	,	11420
KODEX 코스닥150선물인버스	,	11346
KODEX 미국S&P바이오(합성)	,	11105
TIGER S&P글로벌헬스케어(합성)	,	10995
미래에셋 인버스 전기전자 Core5 ETN	,	10970
KBSTAR 모멘텀밸류	,	10872
신한 MSCI 인도네시아 선물 ETN(H)	,	10835
삼성 건축자재 테마주 ETN	,	10780
KINDEX 레버리지	,	10685
KINDEX 인버스	,	10570
KODEX S&P글로벌인프라(합성)	,	10530
ARIRANG 중형주저변동50	,	10521
신풍제약우	,	10494
TIGER S&P글로벌인프라(합성)	,	10475
마이티 코스피100	,	10463
KINDEX 인도네시아MSCI(합성)	,	10445
KBSTAR V&S셀렉트밸류채권혼합	,	10420
KODEX 미국달러선물인버스2X	,	10384
KBSTAR 미국장기국채선물레버리지(합성 H)	,	10345
KBSTAR 미국장기국채선물(H)	,	10175
TIGER 생활필수품	,	10047
KINDEX 일본TOPIX인버스(합성 H)	,	9968
TIGER 코스닥150IT	,	9965
TIGER 미국나스닥바이오	,	9888
KOSEF 고배당	,	9867
TIGER 200 금융	,	9855
KINDEX 코스닥(합성)	,	9800
TIGER 200 철강소재	,	9800
아시아15호	,	9791
KBSTAR 모멘텀로우볼	,	9756
대한제당우	,	9724
크라운제과우	,	9670
KODEX 가치투자	,	9664
KBSTAR 미국장기국채선물인버스2X(합성 H)	,	9625
KODEX 헬스케어	,	9620
KODEX 미국S&P산업재(합성)	,	9480
TIGER 200 건설	,	9348
TIGER 일본TOPIX헬스케어(합성)	,	9330
KODEX 턴어라운드투자	,	9292
TIGER 미국S&P500선물인버스(H)	,	9286
신한 인버스 MSCI 인도네시아 선물 ETN(H)	,	9280
KOSEF 인도Nifty50(합성)	,	9266
KINDEX 러시아MSCI(합성)	,	9228
TIGER 200에너지화학레버리지	,	9184
TIGER 지속배당	,	9147
TIGER 유로스탁스레버리지(합성 H)	,	9145
TIGER 코스닥150로우볼	,	9080
KBSTAR 차이나H주(H)	,	9044
KODEX 퀄리티Plus	,	8996
KODEX 경기소비재	,	8976
KODEX 필수소비재	,	8960
KODEX 성장투자	,	8808
KODEX 모멘텀Plus	,	8757
KBSTAR 미국S&P원유생산기업(합성 H)	,	8736
KBSTAR 일본TOPIX레버리지(H)	,	8712
ARIRANG 신흥국MSCI(합성 H)	,	8690
TIGER 코스닥150바이오테크	,	8674
KBSTAR 수출주	,	8654
대신 WTI원유 선물 ETN(H)	,	8640
TRUE K200 Auto-KO-C 1803-01 ETN	,	8635
TIGER 가격조정	,	8558
TIGER 화장품	,	8514
KODEX 철강	,	8492
TIGER 200 에너지화학	,	8442
KODEX 심천ChiNext(합성)	,	8400
KBSTAR 헬스케어	,	8390
미래에셋 K200 C-SP 1803-01 ETN	,	8376
ARIRANG S&P글로벌인프라	,	8356
KODEX 미국S&P IT(합성)	,	8351
ARIRANG 차이나H 레버리지(합성 H)	,	8268
KODEX WTI원유선물인버스(H)	,	8218
유유제약1우	,	8218
KBSTAR 코스닥150	,	8144
TREX 펀더멘탈 200	,	8120
ARIRANG 스마트베타Quality채권혼합	,	8112
TRUE K200 C-SP 1803-01 ETN	,	8099
TIGER 모멘텀	,	8089
KODEX 미국S&P금융(합성)	,	8087
TIGER 200커버드C	,	8082
TIGER 원유선물인버스(H)	,	8058
KODEX 구리선물(H)	,	8050
동북아13호	,	8008
KBSTAR 헬스케어채권혼합	,	7980
동북아12호	,	7944
KODEX 자동차	,	7904
TIGER 소프트웨어	,	7900
KOSEF 200선물인버스	,	7867
미래에셋 K200 C-SP 1803-02 ETN	,	7833
삼성 K200 C-SP 1803-01 ETN	,	7826
ARIRANG 미국다우존스고배당주(합성 H)	,	7742
TIGER 방송통신	,	7707
KINDEX 일본Nikkei225(H)	,	7629
삼성 K200 Call 1803-01 ETN	,	7578
대원전선우	,	7549
KINDEX 일본TOPIX레버리지(H)	,	7488
TIGER 구리실물	,	7487
KODEX 국채선물10년	,	7479
KODEX 3대농산물선물(H)	,	7451
KOSEF 국고채10년레버리지	,	7437
QV K200 C-SP 1804-01 ETN	,	7336
TIGER 은행	,	7293
동원시스템즈우	,	7284
한진칼우	,	7220
QV K200 C-SP 1805-01 ETN	,	7175
KODEX 기계장비	,	7133
삼성 K200 Auto-C-SP 2003-01 ETN	,	7109
동양우	,	7104
TIGER 우량가치	,	7082
KODEX KOREA MSCI	,	7033
QV K200 P-SP 1805-01 ETN	,	6983
대상홀딩스우	,	6952
QV K200 Condor 1805-01 ETN	,	6951
깨끗한나라우	,	6939
TIGER 차이나항셍25	,	6885
QV K200 P-SP 1804-01 ETN	,	6885
KODEX 바이오	,	6848
KINDEX 미국다우존스리츠(합성 H)	,	6826
KINDEX 배당성장	,	6825
QV K200 Condor 1804-01 ETN	,	6776
TRUE K200 Condor 1803-01 ETN	,	6724
ARIRANG 심천차이넥스트(합성)	,	6720
미래에셋 K200 P-SP 1803-02 ETN	,	6545
QV K200 Butterfly 1804-01 ETN	,	6493
KODEX 보험	,	6426
TIGER KTOP30	,	6409
한양증권우	,	6405
TIGER 미디어컨텐츠	,	6316
미래에셋 K200 P-SP 1803-01 ETN	,	6307
금호산업우	,	6298
SK네트웍스우	,	6239
KINDEX 삼성그룹동일가중	,	6130
ARIRANG 글로벌MSCI(합성 H)	,	6120
ARIRANG 스마트베타 LowVOL	,	6113
ARIRANG 경기주도주	,	6070
삼성 K200 P-SP 1803-01 ETN	,	5982
ARIRANG 스마트베타4종결합	,	5954
계양전기우	,	5936
TIGER LG그룹+펀더멘털	,	5897
TIGER 현대차그룹+펀더멘털	,	5831
하나니켈2호	,	5648
삼성중공우	,	5639
보루네오	,	5610
흥국화재우	,	5568
ARIRANG 경기방어주	,	5527
ARIRANG S&P한국배당성장	,	5525
현대건설우	,	5506
TIGER 화학	,	5481
TREX 중소형가치	,	5456
KINDEX 한류	,	5448
ARIRANG 선진국MSCI(합성 H)	,	5446
동부제철우	,	5435
코리아써키트2우B	,	5400
ARIRANG 코스피100동일가중	,	5393
ARIRANG 스마트베타 Quality	,	5368
TIGER 삼성그룹펀더멘털	,	5358
CJ씨푸드1우	,	5320
TIGER 여행레저	,	5315
TIGER 200 중공업	,	5278
동부건설우	,	5260
KODEX 미국달러선물인버스	,	5253
ARIRANG 스마트베타 Momentum	,	5250
하이트진로홀딩스우	,	5250
현대비앤지스틸우	,	5240
KINDEX 골드선물 인버스2X(합성 H)	,	5220
KODEX 콩선물(H)	,	5018
신원우	,	4991
SMART 중국본토 중소형 CSI500(합성 H)	,	4780
덕성우	,	4726
쌍용양회우	,	4662
TIGER 200 생활소비재	,	4617
성문전자우	,	4608
TIGER 금은선물(H)	,	4545
금강공업우	,	4524
코오롱글로벌우	,	4504
동부하이텍1우	,	4380
노루페인트우	,	4353
동양2우B	,	4166
진흥기업우B	,	4158
TIGER 200 산업재	,	4142
JW중외제약우	,	4063
성신양회우	,	4002
TIGER 라틴35	,	3927
ARIRANG 200선물인버스2X	,	3848
TIGER 자동차	,	3845
일성건설2우B	,	3808
흥국화재2우B	,	3372
대한제당3우B	,	3326
서울식품우	,	3297
노루홀딩스우	,	3214
JW중외제약2우B	,	3150
TIGER 금속선물(H)	,	3108
유유제약2우B	,	2986
KODEX 운송	,	2972
남선알미우	,	2916
진흥기업2우B	,	2857
성신양회3우B	,	2519
성신양회2우B	,	2200
동양3우B	,	2198
노루홀딩스2우B	,	1758
셀트리온	,	13,866,558
카카오	,	6,879,785
메디톡스	,	3,142,205
CJ E&M	,	2,986,244
로엔	,	2,182,674
SK머티리얼즈	,	2,098,987
코미팜	,	1,947,319
휴젤	,	1,796,380
바이로메드	,	1,672,216
GS홈쇼핑	,	1,560,563
컴투스	,	1,514,378
신라젠	,	1,321,073
파라다이스	,	1,291,386
코오롱생명과학	,	1,274,063
서울반도체	,	1,233,159
원익IPS	,	1,227,885
솔브레인	,	1,224,018
CJ오쇼핑	,	1,198,973
톱텍	,	1,186,981
포스코 ICT	,	1,134,179
이오테크닉스	,	1,124,905
더블유게임즈	,	1,071,489
씨젠	,	990,334
포스코켐텍	,	927,399
제넥신	,	840,356
에스에프에이	,	818,720
인터플렉스	,	801,010
고영	,	799,751
에스티팜	,	797,544
웹젠	,	752,122
동진쎄미켐	,	744,418
오스템임플란트	,	727,143
셀트리온제약	,	726,246
리노공업	,	717,154
케어젠	,	691,849
AP시스템	,	685,320
클리오	,	658,433
원익홀딩스	,	654,978
주성엔지니어링	,	653,777
SKC코오롱PI	,	640,186
서부T&D	,	635,147
차바이오텍	,	627,253
콜마비앤에이치	,	608,597
이녹스	,	605,442
미래컴퍼니	,	589,118
에스엠	,	576,525
실리콘웍스	,	574,130
뷰웍스	,	571,106
와이지엔터테인먼트	,	565,576
동국제약	,	565,531
테스	,	563,765
파트론	,	557,811
위메이드	,	556,920
엘앤에프	,	553,003
매일유업	,	550,024
인트론바이오	,	548,904
에머슨퍼시픽	,	540,025
제낙스	,	537,169
태웅	,	535,197
에이치엘비	,	531,968
디오	,	510,518
안랩	,	507,702
티씨케이	,	506,695
아트라스BX	,	496,845
NICE평가정보	,	494,826
동화기업	,	492,437
CJ프레시웨이	,	489,703
메디포스트	,	484,079
원익머트리얼즈	,	478,428
나스미디어	,	474,504
성우하이텍	,	459,600
이베스트투자증권	,	459,462
다우데이타	,	457,685
유진기업	,	449,180
동원개발	,	445,868
한국정보통신	,	444,406
텍셀네트컴	,	442,651
제이콘텐트리	,	442,017
에코프로	,	441,386
바텍	,	421,861
삼표시멘트	,	420,840
다원시스	,	420,341
유진테크	,	417,072
대화제약	,	410,973
HB테크놀러지	,	410,817
하림홀딩스	,	409,232
텔콘	,	406,677
게임빌	,	402,966
피에스케이	,	401,549
지트리비앤티	,	400,359
이테크건설	,	398,720
뉴트리바이오텍	,	398,120
에이스침대	,	397,687
한글과컴퓨터	,	397,014
동국S&C	,	395,430
휴온스글로벌	,	392,008
에이티젠	,	390,606
테라세미콘	,	389,982
크리스탈	,	389,843
코스메카코리아	,	389,286
모두투어	,	384,930
녹십자셀	,	384,796
쇼박스	,	381,234
아이센스	,	380,068
바디텍메드	,	379,566
인터로조	,	379,315
코웰패션	,	378,561
휴온스	,	377,591
인바디	,	372,199
젬백스	,	370,133
이지바이오	,	369,288
파마리서치프로덕트	,	366,343
아미코젠	,	364,630
골프존	,	364,602
CMG제약	,	364,144
연우	,	362,022
쎌바이오텍	,	359,080
바이넥스	,	358,482
레고켐바이오	,	353,886
인터파크홀딩스	,	351,585
덕산네오룩스	,	349,426
제이브이엠	,	348,833
SFA반도체	,	347,717
펩트론	,	344,216
에스엠코어	,	342,000
우리산업	,	341,086
하이록코리아	,	337,608
인터파크	,	336,059
모다이노칩	,	332,041
와이솔	,	331,680
파티게임즈	,	328,316
ISC	,	325,100
삼천당제약	,	322,745
원익QnC	,	322,028
레이언스	,	321,866
필옵틱스	,	320,933
KG이니시스	,	320,290
광림	,	311,360
네오위즈	,	310,097
큐렉소	,	309,981
JW신약	,	306,846
SKC 솔믹스	,	306,548
평화정공	,	305,550
이엔에프테크놀로지	,	303,880
JYP Ent.	,	303,672
성광벤드	,	301,730
비아트론	,	301,051
홈캐스트	,	299,977
리더스코스메틱	,	296,899
미투온	,	296,744
에스와이패널	,	296,430
제이스텍	,	295,606
케이엠더블유	,	289,800
와이지-원	,	288,771
이노인스트루먼트	,	287,757
휴메딕스	,	287,607
레드로버	,	286,515
에스디생명공학	,	283,528
유니테스트	,	282,141
녹십자랩셀	,	279,682
하림	,	278,361
NHN한국사이버결제	,	276,184
휴맥스	,	276,181
지스마트글로벌	,	271,704
보광산업	,	270,590
아모텍	,	269,892
SK바이오랜드	,	268,500
큐리언트	,	265,041
예림당	,	264,894
마크로젠	,	264,552
태광	,	264,205
대명코퍼레이션	,	263,089
지니뮤직	,	262,689
비에이치	,	262,666
넥슨지티	,	261,055
슈피겐코리아	,	260,776
나이스정보통신	,	260,000
아프리카TV	,	258,203
네이처셀	,	257,440
서한	,	257,282
다날	,	256,893
동국산업	,	256,848
에프티이앤이	,	254,739
루트로닉	,	253,116
아스트	,	252,778
경동제약	,	251,561
인선이엔티	,	249,975
심텍	,	249,145
코리아나	,	247,600
진로발효	,	247,540
테고사이언스	,	245,129
유니셈	,	245,007
큐로컴	,	245,001
동아엘텍	,	244,191
네패스	,	243,351
GRT	,	243,224
네오팜	,	242,490
서진시스템	,	242,139
유니슨	,	242,007
세종텔레콤	,	240,261
뉴파워프라즈마	,	237,144
비츠로셀	,	236,723
넥스트아이	,	236,258
넥스턴	,	235,746
KH바텍	,	235,000
민앤지	,	234,761
골프존뉴딘	,	233,461
서원인텍	,	233,430
테크윙	,	233,282
라이온켐텍	,	233,098
사람인에이치알	,	231,522
KTH	,	231,076
해마로푸드서비스	,	231,066
아이씨디	,	231,009
농우바이오	,	230,945
내츄럴엔도텍	,	230,796
NEW	,	229,937
에스에이엠티	,	228,989
웨이브일렉트로	,	228,539
현대아이비티	,	227,764
에버다임	,	226,637
한양이엔지	,	224,100
티케이케미칼	,	223,603
옵트론텍	,	222,989
코엔텍	,	222,500
헝셩그룹	,	222,400
오스코텍	,	222,128
오가닉티코스메틱	,	222,008
한국기업평가	,	221,804
멀티캠퍼스	,	221,662
엠케이전자	,	221,348
크루셜텍	,	220,387
DMS	,	220,370
로스웰	,	218,783
한국전자금융	,	217,746
금화피에스시	,	216,600
KG모빌리언스	,	216,596
와이아이케이	,	212,433
룽투코리아	,	212,014
아가방컴퍼니	,	210,151
진성티이씨	,	209,535
에스티아이	,	209,008
삼목에스폼	,	208,740
리드코프	,	208,644
서희건설	,	207,294
덕산하이메탈	,	207,193
하나머티리얼즈	,	207,168
대한뉴팜	,	205,275
KCC건설	,	205,226
코스온	,	204,695
인탑스	,	204,680
엘컴텍	,	203,941
코텍	,	203,248
대한약품	,	202,500
메지온	,	202,318
세코닉스	,	202,129
오텍	,	201,681
조이시티	,	196,783
에스티큐브	,	196,693
엘오티베큠	,	194,705
코미코	,	194,608
비에이치아이	,	194,480
SBS콘텐츠허브	,	194,031
한진피앤씨	,	193,514
블루콤	,	192,960
제우스	,	192,623
파나진	,	192,290
이엠텍	,	191,026
하이비젼시스템	,	190,512
부방	,	190,120
넷게임즈	,	189,878
필링크	,	188,971
아이원스	,	188,395
엠씨넥스	,	187,613
알테오젠	,	187,536
크리스탈신소재	,	187,083
한국알콜	,	186,674
상아프론테크	,	186,346
넥센테크	,	185,600
예스티	,	184,777
차이나그레이트	,	183,765
한국정보인증	,	183,562
선데이토즈	,	182,784
로보스타	,	182,130
에이프로젠 H&G	,	181,829
루멘스	,	181,779
동성화인텍	,	181,600
테라젠이텍스	,	181,309
안트로젠	,	180,547
MDS테크	,	180,484
매일홀딩스	,	180,314
비씨월드제약	,	180,176
위닉스	,	179,945
창해에탄올	,	177,844
지엔코	,	177,615
덱스터	,	176,845
SM C&C	,	176,613
캠시스	,	175,744
현성바이탈	,	174,572
세운메디칼	,	174,543
아미노로직스	,	174,336
우리손에프앤지	,	173,786
와이엠씨	,	173,626
브레인콘텐츠	,	173,194
한스바이오메드	,	173,005
인피니트헬스케어	,	172,971
슈프리마	,	172,051
쎄트렉아이	,	172,020
프로스테믹스	,	171,629
앤디포스	,	171,033
키이스트	,	170,398
우리산업홀딩스	,	170,175
파워로직스	,	170,148
갤럭시아컴즈	,	170,006
에이치엘비생명과학	,	169,268
디엔에프	,	168,961
하이즈항공	,	168,821
웨이포트	,	168,758
제노포커스	,	168,683
한프	,	167,861
와이제이엠게임즈	,	167,258
나노신소재	,	167,064
바른손이앤에이	,	166,109
액토즈소프트	,	164,861
엘아이에스	,	163,876
에스코넥	,	163,817
오성엘에스티	,	163,639
나노스	,	163,433
솔본	,	163,256
제이스테판	,	162,771
이수앱지스	,	162,034
삼양옵틱스	,	162,000
파크시스템스	,	161,878
유아이엘	,	160,634
디에이치피코리아	,	160,513
아이리버	,	160,456
오상자이엘	,	160,086
미래나노텍	,	159,533
인크로스	,	158,684
홈센타홀딩스	,	158,173
이크레더블	,	157,771
와이엠티	,	157,731
프로텍	,	157,512
액션스퀘어	,	157,368
우주일렉트로	,	156,961
넵튠	,	156,324
아이에이	,	156,102
쎄노텍	,	156,086
케이피엠테크	,	155,551
한강인터트레이드	,	155,401
참좋은레져	,	155,400
KG ETS	,	155,340
안국약품	,	155,205
아이쓰리시스템	,	154,379
원풍물산	,	154,143
에스엔유	,	153,594
가온미디어	,	153,524
모베이스	,	153,142
에스마크	,	152,951
강스템바이오텍	,	152,893
코콤	,	152,866
티에스이	,	152,648
잉글우드랩(Reg.S)	,	151,592
토비스	,	149,952
코프라	,	149,923
NHN벅스	,	149,758
레드캡투어	,	149,457
씨케이에이치	,	149,046
삼천리자전거	,	148,664
셀루메드	,	148,511
어보브반도체	,	148,407
도이치모터스	,	148,125
데브시스터즈	,	148,039
코아스템	,	147,744
동양파일	,	147,200
씨티씨바이오	,	146,752
THE E&M	,	146,610
코나아이	,	145,945
메디프론	,	145,919
모바일어플라이언스	,	145,350
엑셈	,	144,849
에코마케팅	,	144,689
윈스	,	144,632
휴비츠	,	144,347
디에스케이	,	143,972
에스피지	,	143,634
아나패스	,	143,307
APS홀딩스	,	143,171
이화전기	,	142,469
알서포트	,	142,223
삼본정밀전자	,	142,025
빅솔론	,	141,780
대원산업	,	141,265
영풍정밀	,	141,120
대한광통신	,	140,886
코렌텍	,	140,607
시공테크	,	140,536
유비케어	,	140,398
네오위즈홀딩스	,	140,381
에이스테크	,	140,367
세보엠이씨	,	140,049
코리아에프티	,	140,041
이니텍	,	139,922
아이디스홀딩스	,	139,695
서플러스글로벌	,	139,445
수성	,	139,400
에스텍	,	139,103
유지인트	,	139,092
팬젠	,	138,853
KNN	,	137,727
대성엘텍	,	137,340
대아티아이	,	137,322
코다코	,	137,311
에스텍파마	,	137,193
로체시스템즈	,	137,058
처음앤씨	,	136,945
서울옥션	,	136,693
넥스트칩	,	136,492
엘비세미콘	,	135,951
테스나	,	135,630
중앙백신	,	135,420
나무가	,	135,323
한국전자인증	,	134,764
정산애강	,	134,666
청담러닝	,	134,581
에코바이오	,	134,498
SG&G	,	134,474
모다	,	134,417
이엘피	,	134,351
기가레인	,	134,262
에이치엘사이언스	,	133,953
텔레칩스	,	133,419
조아제약	,	133,058
보령메디앙스	,	132,810
씨엠에스에듀	,	132,436
한국캐피탈	,	132,381
오픈베이스	,	131,660
화진	,	130,698
제이씨현시스템	,	130,360
대봉엘에스	,	130,267
에스맥	,	130,199
해성산업	,	130,074
팜스토리	,	129,871
제이에스티나	,	129,390
삼지전자	,	129,027
국보디자인	,	128,625
국순당	,	128,580
대양전기공업	,	128,202
신신제약	,	128,191
시그네틱스	,	127,735
에임하이	,	127,556
아이에스이커머스	,	127,315
디에스티로봇	,	127,273
엑세스바이오	,	126,935
케이맥	,	126,845
대유위니아	,	126,827
다나와	,	126,826
AP위성	,	126,275
화이브라더스코리아	,	125,988
아바텍	,	125,953
SBI액시즈	,	125,748
KMH	,	125,575
에스앤에스텍	,	125,517
삼아제약	,	125,489
아이진	,	124,961
바이오빌	,	124,834
선광	,	124,080
예스24	,	124,012
다산네트웍스	,	123,509
시노펙스	,	122,874
메가스터디	,	122,698
인베니아	,	122,496
유바이오로직스	,	122,492
푸른저축은행	,	122,472
크레아플래닛	,	122,431
보성파워텍	,	122,203
비츠로테크	,	121,605
메디아나	,	121,107
디엠씨	,	120,198
코디엠	,	120,023
삼강엠앤티	,	119,830
에스앤씨엔진그룹	,	119,803
탑엔지니어링	,	119,662
마이크로프랜드	,	119,183
보라티알	,	119,150
리노스	,	118,787
유라테크	,	118,080
바른전자	,	117,930
큐캐피탈	,	117,870
싸이맥스	,	117,035
골든센츄리	,	116,965
나노엔텍	,	116,937
아비코전자	,	116,845
한양하이타오	,	116,844
이화공영	,	116,656
코데즈컴바인	,	116,366
삼기오토모티브	,	116,065
바이오톡스텍	,	116,049
정상제이엘에스	,	116,014
이랜텍	,	115,702
MP그룹	,	115,556
오션브릿지	,	115,431
이라이콤	,	115,427
멜파스	,	115,426
알파홀딩스	,	115,426
현대정보기술	,	115,204
아바코	,	115,175
에스에너지	,	115,086
서울제약	,	115,068
에쎈테크	,	114,480
하나마이크론	,	114,313
케이사인	,	113,731
유앤아이	,	113,703
에프엔씨엔터	,	113,195
미코	,	112,974
성도이엔지	,	112,931
쿠첸	,	112,740
뉴프라이드	,	112,302
엠에스씨	,	112,200
완리	,	111,935
대륙제관	,	111,799
젬백스테크놀러지	,	111,697
알에프텍	,	111,633
신일제약	,	111,390
피앤이솔루션	,	111,384
이에스브이	,	110,921
녹십자엠에스	,	110,896
옴니시스템	,	110,647
나노캠텍	,	110,590
에스에프씨	,	110,448
해성옵틱스	,	110,055
자이글	,	110,006
코아로직	,	109,864
일신바이오	,	109,435
오로라	,	109,243
엔에스엔	,	109,072
스맥	,	109,017
팅크웨어	,	108,957
포스코엠텍	,	108,271
재영솔루텍	,	107,948
동양이엔피	,	107,682
KT서브마린	,	107,201
동우팜투테이블	,	106,913
투비소프트	,	106,780
피엔티	,	106,780
지엘팜텍	,	106,748
심텍홀딩스	,	106,258
오스템	,	106,080
신화인터텍	,	105,906
글로본	,	105,844
이디	,	105,817
서산	,	105,800
픽셀플러스	,	105,349
썸에이지	,	105,288
한일진공	,	105,069
피에스텍	,	105,036
SBI인베스트먼트	,	105,019
YTN	,	105,000
디에이피	,	104,966
한빛소프트	,	104,819
누리텔레콤	,	104,521
태양	,	104,490
CSA 코스믹	,	104,465
에스씨디	,	104,392
DSC인베스트먼트	,	104,300
켐온	,	104,143
영우디에스피	,	103,812
유비쿼스	,	103,760
라온시큐어	,	103,699
감마누	,	103,613
인콘	,	103,277
와이디온라인	,	103,089
화일약품	,	103,038
코아시아홀딩스	,	102,922
손오공	,	102,912
엔브이에이치코리아	,	102,538
나이스디앤비	,	102,102
한일사료	,	101,859
엑시콘	,	101,272
서울전자통신	,	101,032
코맥스	,	100,829
한라IMS	,	100,508
아이엠	,	100,107
에프엔에스테크	,	100,045
엘엠에스	,	99,632
제이씨케미칼	,	99,616
유진로봇	,	99,403
초록뱀	,	99,231
경남제약	,	98,986
엠젠플러스	,	98,866
솔고바이오	,	98,534
유비쿼스홀딩스	,	98,385
인텔리안테크	,	98,157
대성창투	,	97,800
한국경제TV	,	97,750
삼보판지	,	97,020
3S	,	96,960
오디텍	,	96,792
아진산업	,	96,786
팜스웰바이오	,	96,674
아이이	,	96,517
바이오리더스	,	96,373
흥국에프엔비	,	96,171
바이오니아	,	95,941
리드	,	95,300
엔터메이트	,	95,183
에이티넘인베스트	,	94,560
파루	,	94,519
유니테크노	,	94,227
원익	,	94,000
하이로닉	,	93,730
제룡산업	,	93,600
양지사	,	93,004
하이텍팜	,	92,509
빅텍	,	91,875
스킨앤스킨	,	91,753
제룡전기	,	91,716
퓨쳐스트림네트웍스	,	91,635
대주전자재료	,	91,611
한국컴퓨터	,	91,606
엔텔스	,	91,070
파인테크닉스	,	90,912
바이오스마트	,	90,641
코메론	,	90,390
SGA	,	90,249
엠게임	,	90,093
풍국주정	,	90,090
에스넷	,	90,021
대원미디어	,	89,814
디티앤씨	,	89,770
제닉	,	89,051
경창산업	,	89,029
메가엠디	,	89,027
신진에스엠	,	88,914
씨아이에스	,	88,912
큐브스	,	88,782
제주반도체	,	88,498
셀바스AI	,	88,444
아이디스	,	88,303
지엠피	,	88,113
삼보모터스	,	88,061
메타바이오메드	,	87,935
아스타	,	87,914
KCI	,	87,568
삼영이엔씨	,	87,384
메가스터디교육	,	87,280
엘앤케이바이오	,	87,253
갑을메탈	,	86,695
유성티엔에스	,	86,689
파세코	,	86,660
디지털대성	,	86,653
에이원앤	,	86,401
디지틀조선	,	86,107
iMBC	,	86,020
가비아	,	85,816
영인프런티어	,	85,714
TPC	,	85,527
인포바인	,	85,315
이엠코리아	,	85,228
인포뱅크	,	85,201
서울리거	,	84,989
오이솔루션	,	84,946
서연전자	,	84,645
비트컴퓨터	,	84,613
알티캐스트	,	84,468
코이즈	,	84,457
우진비앤지	,	84,354
미동앤씨네마	,	83,992
우노앤컴퍼니	,	83,887
토박스코리아	,	83,834
고려제약	,	83,820
제로투세븐	,	83,818
바이오로그디바이스	,	83,715
피제이전자	,	83,600
에프에스티	,	83,597
드래곤플라이	,	83,589
한국테크놀로지	,	83,506
아시아경제	,	83,432
트레이스	,	83,077
티에스인베스트먼트	,	83,070
티비씨	,	83,000
디스플레이텍	,	82,992
이스트소프트	,	82,759
전파기지국	,	82,726
지엔씨에너지	,	82,607
삼륭물산	,	82,431
SIMPAC Metal	,	82,420
하이셈	,	82,415
한국선재	,	82,395
우림기계	,	82,080
투윈글로벌	,	82,022
세명전기	,	81,871
W홀딩컴퍼니	,	81,781
쌍용정보통신	,	81,737
엠에스오토텍	,	81,462
슈프리마에이치큐	,	81,366
EMW	,	81,348
KB오토시스	,	81,075
에이테크솔루션	,	81,000
디알텍	,	80,997
미스터블루	,	80,939
현대공업	,	80,688
디이엔티	,	80,636
서린바이오	,	80,626
위지트	,	80,422
파라텍	,	80,372
현대통신	,	80,299
베셀	,	80,249
글로벌에스엠	,	80,079
유니트론텍	,	79,952
엔에스	,	79,870
브리지텍	,	79,843
웰크론	,	79,658
폭스브레인	,	79,376
대호피앤씨	,	78,962
디에이테크놀로지	,	78,914
대정화금	,	78,633
씨티엘	,	78,633
이상네트웍스	,	78,521
랩지노믹스	,	78,509
소프트센	,	78,336
엘티씨	,	78,207
승일	,	78,184
한솔신텍	,	78,065
무림SP	,	78,035
하츠	,	77,952
옴니텔	,	77,923
퓨쳐켐	,	77,867
씨트리	,	77,671
성우전자	,	77,541
판타지오	,	77,389
정원엔시스	,	77,141
월덱스	,	77,106
켐트로닉스	,	77,063
남화토건	,	77,014
모아텍	,	76,958
동일기연	,	76,888
우수AMS	,	76,800
큐로홀딩스	,	76,445
비덴트	,	76,347
TJ미디어	,	76,345
인지디스플레	,	76,191
와이엔텍	,	76,100
아이오케이	,	75,994
유비벨록스	,	75,782
GST	,	75,753
일지테크	,	75,676
에스엔텍	,	75,491
한국코퍼레이션	,	75,386
마제스타	,	75,351
파인텍	,	75,272
한국맥널티	,	75,123
라이브플렉스	,	74,919
큐에스아이	,	74,918
이지웰페어	,	74,692
팍스넷	,	74,662
신성델타테크	,	74,206
오리엔탈정공	,	73,996
데코앤이	,	73,794
금강철강	,	73,570
동아화성	,	73,470
휴맥스홀딩스	,	73,327
솔루에타	,	73,106
쏠리드	,	73,023
KPX생명과학	,	72,600
스포츠서울	,	72,517
일진파워	,	72,076
서진오토모티브	,	71,986
상보	,	71,670
셀바스헬스케어	,	71,655
아진엑스텍	,	71,501
케이엘넷	,	71,498
효성오앤비	,	71,340
휘닉스소재	,	71,213
고려시멘트	,	71,018
케이아이엔엑스	,	71,004
삼현철강	,	70,977
포비스티앤씨	,	70,938
알엔투테크놀로지	,	70,884
딜리	,	70,734
세중	,	70,312
쎄니트	,	70,244
네오피델리티	,	70,136
지디	,	70,047
서호전기	,	70,040
세원물산	,	69,973
칩스앤미디어	,	69,966
코디	,	69,919
대주산업	,	69,900
SGA솔루션즈	,	69,803
넥스트BT	,	69,748
HRS	,	69,671
C&S자산관리	,	69,667
육일씨엔에쓰	,	69,633
디지탈옵틱	,	69,628
제이엠티	,	69,589
신원종합개발	,	69,469
희림	,	69,334
캐스텍코리아	,	69,289
인성정보	,	68,997
온다 엔터테인먼트	,	68,936
뉴보텍	,	68,919
한솔넥스지	,	68,832
드림시큐리티	,	68,612
네오오토	,	68,591
조이맥스	,	68,552
그랜드백화점	,	68,444
애니젠	,	68,216
에이텍	,	68,145
비츠로시스	,	68,111
스페코	,	67,850
케이피에프	,	67,734
아리온	,	67,690
우리로	,	67,540
매커스	,	67,238
이노와이어리스	,	67,228
인터엠	,	67,135
동운아나텍	,	67,099
피앤씨테크	,	66,915
유테크	,	66,769
대림제지	,	66,600
원익큐브	,	66,582
서화정보통신	,	66,528
모헨즈	,	66,284
디젠스	,	66,282
뉴로스	,	66,277
대창스틸	,	66,202
케이디켐	,	66,171
포스링크	,	65,936
아이엠텍	,	65,933
파인디지털	,	65,897
해덕파워웨이	,	65,822
와이비엠넷	,	65,822
파버나인	,	65,767
한국가구	,	65,625
에치디프로	,	65,468
능률교육	,	65,255
CNH	,	65,100
아이컴포넌트	,	65,052
좋은사람들	,	64,975
오리콤	,	64,853
이글루시큐리티	,	64,767
우원개발	,	64,609
차이나하오란	,	64,530
새로닉스	,	64,354
유아이디	,	64,313
인프라웨어	,	64,185
덕신하우징	,	63,896
우리이앤엘	,	63,872
모비스	,	63,801
수산아이앤티	,	63,459
씨큐브	,	63,437
우리이티아이	,	63,316
이트론	,	63,293
에이치엘비파워	,	63,092
아이씨케이	,	62,983
케이프	,	62,595
엑사이엔씨	,	62,532
동일금속	,	62,510
삼화네트웍스	,	62,463
파인디앤씨	,	62,444
KJ프리텍	,	62,117
KMH하이텍	,	61,998
에이치엔티	,	61,918
이매진아시아	,	61,662
씨유메디칼	,	61,506
코위버	,	61,426
KD건설	,	61,102
SDN	,	61,019
티엘아이	,	61,013
아세아텍	,	60,900
이스트아시아홀딩스	,	60,822
위노바	,	60,761
알에프세미	,	60,745
뉴프렉스	,	60,614
케이씨에스	,	60,600
위즈코프	,	60,399
삼진	,	60,300
링네트	,	60,257
에프엔씨애드컬쳐	,	60,143
한국팩키지	,	60,125
지에스이	,	60,082
큐브엔터	,	59,924
EG	,	59,850
대성파인텍	,	59,650
제일바이오	,	59,625
세미콘라이트	,	59,542
아이티센	,	59,509
타이거일렉	,	59,481
에이치시티	,	59,081
에이씨티	,	58,887
동신건설	,	58,800
퓨전데이타	,	58,690
에코플라스틱	,	58,670
이-글 벳	,	58,576
나라엠앤디	,	58,575
에너토크	,	58,341
유니크	,	58,155
형지I&C	,	58,044
케이엠	,	57,830
미래테크놀로지	,	57,750
아즈텍WB	,	57,683
화신정공	,	57,653
코센	,	57,650
삼진엘앤디	,	57,616
행남생활건강	,	57,576
삼영엠텍	,	57,265
네오티스	,	56,941
오공	,	56,919
플랜티넷	,	56,896
피제이메탈	,	56,800
인포마크	,	56,790
유니더스	,	56,760
트루윈	,	56,715
아이즈비전	,	56,624
피씨엘	,	56,560
부스타	,	56,480
엔지스테크널러지	,	56,446
램테크놀러지	,	56,346
엔알케이	,	56,299
윈하이텍	,	56,220
특수건설	,	56,171
뉴인텍	,	56,003
신화콘텍	,	55,938
오르비텍	,	55,874
알톤스포츠	,	55,701
정다운	,	55,636
대동스틸	,	55,500
우리기술투자	,	55,356
한일네트웍스	,	55,288
원풍	,	55,200
루미마이크로	,	55,199
웰크론한텍	,	55,145
지란지교시큐리티	,	54,885
기산텔레콤	,	54,884
중앙오션	,	54,650
진양제약	,	54,600
포시에스	,	54,566
대진디엠피	,	54,557
소리바다	,	54,281
로고스바이오	,	54,101
와토스코리아	,	54,060
쎄미시스코	,	54,000
한일화학	,	53,879
에이디테크놀로지	,	53,713
크린앤사이언스	,	53,365
서연탑메탈	,	53,241
흥국	,	53,234
에스폴리텍	,	53,169
장원테크	,	52,894
썬코어	,	52,861
케이씨티	,	52,736
퍼시픽바이오	,	52,723
이건홀딩스	,	52,580
나노	,	52,563
라이트론	,	52,334
잉크테크	,	52,253
경남스틸	,	52,250
스페로 글로벌	,	52,030
대신정보통신	,	51,879
제이엔케이히터	,	51,808
동양피엔에프	,	51,479
국영지앤엠	,	51,470
대양제지	,	51,418
동부라이텍	,	50,959
디케이디앤아이	,	50,866
유니온커뮤니티	,	50,643
나이벡	,	50,612
아이앤씨	,	50,535
연이정보통신	,	50,320
와이오엠	,	50,166
크로바하이텍	,	50,050
자연과환경	,	49,715
인트로메딕	,	49,623
서암기계공업	,	49,518
이미지스	,	49,466
디케이락	,	49,411
YW	,	49,396
신라섬유	,	49,283
신스타임즈	,	48,988
일야	,	48,900
바이온	,	48,850
인화정공	,	48,805
이엠넷	,	48,673
씨씨에스	,	48,670
윈팩	,	48,539
한솔씨앤피	,	48,523
에스아이리소스	,	48,182
우정비에스씨	,	48,052
현진소재	,	47,965
한양디지텍	,	47,950
시큐브	,	47,940
메이슨캐피탈	,	47,706
태양씨앤엘	,	47,674
썬텍	,	47,351
프럼파스트	,	46,885
루트로닉3우C	,	46,609
피델릭스	,	46,585
코리드	,	46,518
바른손	,	46,509
원일특강	,	46,420
포메탈	,	46,415
아이크래프트	,	46,310
파이오링크	,	46,143
토필드	,	46,039
씨그널엔터테인먼트그룹	,	45,987
우리기술	,	45,844
국일제지	,	45,819
진바이오텍	,	45,722
GMR 머티리얼즈	,	45,715
카테아	,	45,618
에스에이티	,	45,497
대한과학	,	45,442
이엘케이	,	45,436
백금T&A	,	45,375
액트	,	45,310
핸디소프트	,	45,226
흥구석유	,	45,225
비엠티	,	45,213
한솔시큐어	,	45,154
마이크로컨텍솔	,	45,055
유신	,	45,000
우리조명	,	44,987
현우산업	,	44,965
한탑	,	44,928
서전기전	,	44,711
상신이디피	,	44,615
이루온	,	44,221
S&K폴리텍	,	44,099
팬엔터테인먼트	,	44,017
화성	,	43,971
대성미생물	,	43,890
스타플렉스	,	43,885
알비케이이엠디	,	43,840
티플랙스	,	43,681
웹스	,	43,561
푸드웰	,	43,520
한네트	,	43,422
동국알앤에스	,	43,332
고려신용정보	,	43,186
제일테크노스	,	43,065
SCI평가정보	,	42,778
코리아에스이	,	42,714
조광ILI	,	42,706
푸른기술	,	42,667
맥스로텍	,	42,650
인텍플러스	,	42,550
한컴시큐어	,	42,405
이씨에스	,	42,225
웰크론강원	,	42,098
구영테크	,	41,964
네이블	,	41,857
GH신소재	,	41,855
이그잭스	,	41,819
티피씨글로벌	,	41,769
우리넷	,	41,695
에이텍티앤	,	41,652
디엠티	,	41,513
중앙에너비스	,	41,473
제이엠아이	,	41,376
한국큐빅	,	41,142
한창산업	,	41,080
네오디안테크놀로지	,	40,918
제너셈	,	40,864
오리엔트정공	,	40,791
아이지스시스템	,	40,700
모바일리더	,	40,554
케이씨피드	,	40,377
삼일기업공사	,	40,300
로지시스	,	40,213
프리엠스	,	40,200
코렌	,	39,963
삼일	,	39,885
리젠	,	39,853
에이디칩스	,	39,748
팬스타엔터프라이즈	,	39,636
에프알텍	,	39,615
옵티시스	,	39,565
한솔인티큐브	,	39,557
성호전자	,	39,391
에이티세미콘	,	39,276
일경산업개발	,	39,222
한일단조	,	39,160
파수닷컴	,	39,126
국일신동	,	39,092
코닉글로리	,	38,837
엠벤처투자	,	38,642
풍강	,	38,431
빛샘전자	,	38,400
엔피케이	,	38,255
솔트웍스	,	37,589
멕아이씨에스	,	37,584
성창오토텍	,	37,522
엠지메드	,	37,484
우성아이비	,	37,245
에스앤더블류	,	37,224
동양에스텍	,	36,750
진매트릭스	,	36,673
인터불스	,	36,319
에이치케이	,	36,299
버추얼텍	,	36,283
한컴지엠디	,	35,940
케이피티	,	35,572
제일제강	,	35,404
한국정보공학	,	34,880
닉스테크	,	34,842
에스아이티글로벌	,	34,733
네패스신소재	,	34,320
스틸플라워	,	34,282
두올산업	,	34,248
바른테크놀로지	,	33,640
한국정밀기계	,	33,616
누리플랜	,	33,545
디지아이	,	33,525
테라셈	,	33,449
광진윈텍	,	33,321
골드퍼시픽	,	33,279
성우테크론	,	33,266
에스제이케이	,	32,835
넥스트리밍	,	32,664
광진실업	,	32,604
케이엔더블유	,	32,270
제이웨이	,	32,100
피씨디렉트	,	32,046
오킨스전자	,	31,310
레이젠	,	30,989
PN풍년	,	30,850
고려반도체	,	30,503
에스티오	,	30,481
르네코	,	30,480
포티스	,	30,437
카스	,	30,407
동방선기	,	30,400
아이텍반도체	,	30,150
CS	,	30,136
디비케이	,	29,920
에스디시스템	,	29,906
디엔에이링크	,	29,704
이에스에이	,	29,294
플레이위드	,	29,063
동일철강	,	28,572
제미니투자	,	28,520
세진티에스	,	28,506
케이에스피	,	28,354
삼보산업	,	28,000
이퓨쳐	,	27,852
토탈소프트	,	27,728
대창솔루션	,	27,384
신라에스지	,	27,120
케이비제9호스팩	,	27,079
영신금속	,	26,745
매직마이크로	,	26,724
케이프이에스스팩	,	26,636
삼우엠스	,	26,415
다믈멀티미디어	,	25,151
이원컴포텍	,	25,057
제이티	,	24,654
텔레필드	,	24,593
세동	,	24,291
사파이어테크놀로지	,	23,568
대동기어	,	23,502
화신테크	,	23,183
청보산업	,	23,099
엘디티	,	22,974
에이티테크놀러지	,	22,061
ITX엠투엠	,	21,876
넥스트바이오홀딩스	,	21,651
지어소프트	,	21,281
옵토팩	,	20,858
케이비제8호스팩	,	20,620
피에스엠씨	,	20,409
키움스팩4호	,	20,051
삼원테크	,	20,000
리켐	,	19,931
씨엔플러스	,	19,905
이젠텍	,	18,975
대동금속	,	18,960
하나금융7호스팩	,	15,880
IBKS지엠비스팩	,	15,281
한화ACPC스팩	,	15,124
골든브릿지제4호스팩	,	14,911
한화에이스스팩2호	,	14,246
교보비엔케이스팩	,	14,007
엔에이치스팩8호	,	13,865
엔에이치스팩10호	,	13,755
케이비드림3호스팩	,	13,528
엔에이치스팩11호	,	13,523
유진스팩3호	,	13,399
키움스팩3호	,	13,333
유안타제2호스팩	,	12,935
에이치엠씨3호스팩	,	12,838
미래에셋제3호스팩	,	12,536
유안타제1호스팩	,	12,120
세한엔에스브이	,	11,766
하이제2호스팩	,	11,724
케이티비스팩2호	,	11,468
케이티비스팩1호	,	11,165
유진에이씨피씨스팩2호	,	11,083
SK1호스팩	,	11,055
교보5호스팩	,	11,050
한국4호스팩	,	10,918
대우스팩3호	,	10,874
케이비드림4호스팩	,	10,577
동부제4호스팩	,	10,494
케이비제10호스팩	,	10,290
신영스팩2호	,	10,133
대신밸런스제4호스팩	,	9,945
골든브릿지제3호스팩	,	9,825
엔에이치스팩7호	,	9,757
하이에이아이1호스팩	,	9,702
미래에셋대우스팩1호	,	9,680
IBKS제5호스팩	,	9,585
미래에셋제5호스팩	,	9,552
하이제3호스팩	,	9,524
IBKS제3호스팩	,	9,225
동부스팩3호	,	8,833
IBKS제6호스팩	,	8,759
한화수성스팩	,	8,680
하나금융9호스팩	,	8,392
이베스트스팩3호	,	8,159
교보7호스팩	,	7,960
골든브릿지제2호스팩	,	7,937
대호피앤씨우	,	7,933
신한제3호스팩	,	7,536
하나머스트5호스팩	,	7,519
SK3호스팩	,	7,146
케이비제11호스팩	,	6,452
한화에이스스팩3호	,	6,391
하나머스트4호스팩	,	5,978
하나머스트3호스팩	,	5,617
신영스팩3호	,	5,418
엔에이치SL스팩	,	5,148
소프트센우	,	3,329
